{"name":"6ea3fa37-2101-485e-bc2c-a978e2e1dea8","id":"/providers/Microsoft.Flow/flows/6ea3fa37-2101-485e-bc2c-a978e2e1dea8","type":"Microsoft.Flow/flows","properties":{"apiId":"/providers/Microsoft.PowerApps/apis/shared_logicflows","displayName":"Help Desk Approval Workflow - Everyone must Approve","definition":{"metadata":{"workflowEntityId":null,"processAdvisorMetadata":null,"flowclientsuspensionreason":"NeverTriggeringDetected","flowclientsuspensiontime":"2021-08-13T17:28:00.3458678Z","creator":{"id":"ddc02d42-c492-454d-94ce-778a07b5b8c6","type":"User","tenantId":"07446956-493d-42c8-ad05-e939cb52153f"},"provisioningMethod":"FromDefinition","failureAlertSubscription":true,"clientLastModifiedTime":"2021-08-13T17:28:00.3458678Z"},"$schema":"https://schema.management.azure.com/providers/Microsoft.Logic/schemas/2016-06-01/workflowdefinition.json#","contentVersion":"1.0.0.0","parameters":{"$connections":{"defaultValue":{},"type":"Object"},"$authentication":{"defaultValue":{},"type":"SecureObject"}},"triggers":{"When_an_item_is_created":{"recurrence":{"frequency":"Minute","interval":1},"splitOn":"@triggerOutputs()?['body/value']","type":"OpenApiConnection","inputs":{"host":{"apiId":"/providers/Microsoft.PowerApps/apis/shared_sharepointonline","connectionName":"shared_sharepointonline","operationId":"GetOnNewItems"},"parameters":{"dataset":"https://thepoweraddicts.sharepoint.com/sites/HelpCenter","table":"7d8018f4-5f5b-457d-92b3-b9e0c7ec910d"},"authentication":"@parameters('$authentication')"},"conditions":[{"expression":"@equals(triggerOutputs()?['body/runflow'],'1')"}]}},"actions":{"Approvers":{"runAfter":{},"type":"InitializeVariable","inputs":{"variables":[{"name":"varApprovers","type":"string"}]}},"Condition":{"actions":{"Approved_update_item":{"runAfter":{},"type":"OpenApiConnection","inputs":{"host":{"apiId":"/providers/Microsoft.PowerApps/apis/shared_sharepointonline","connectionName":"shared_sharepointonline","operationId":"PatchItem"},"parameters":{"dataset":"https://thepoweraddicts.sharepoint.com/sites/HelpCenter","table":"7d8018f4-5f5b-457d-92b3-b9e0c7ec910d","id":"@triggerOutputs()?['body/ID']","item/Title":"@triggerOutputs()?['body/Title']","item/DueDate1":"@triggerOutputs()?['body/DueDate1']","item/TicketDescription":"@triggerOutputs()?['body/TicketDescription']","item/TicketStatus/Value":"Completed","item/AssignedTo":[],"item/CurrentApprovalStartDateandTime":"@null","item/ApprovalComments":"@trim(body('Join_approval_comments'))","item/TicketPriority/Value":"@triggerOutputs()?['body/TicketPriority/Value']"},"authentication":"@parameters('$authentication')"}}},"runAfter":{"Join_approval_comments":["Succeeded"]},"else":{"actions":{"Rejected_Update_Item":{"runAfter":{},"type":"OpenApiConnection","inputs":{"host":{"apiId":"/providers/Microsoft.PowerApps/apis/shared_sharepointonline","connectionName":"shared_sharepointonline","operationId":"PatchItem"},"parameters":{"dataset":"https://thepoweraddicts.sharepoint.com/sites/HelpCenter","table":"7d8018f4-5f5b-457d-92b3-b9e0c7ec910d","id":"@triggerOutputs()?['body/ID']","item/Title":"@triggerOutputs()?['body/Title']","item/DueDate1":"@triggerOutputs()?['body/DueDate1']","item/TicketDescription":"@triggerOutputs()?['body/TicketDescription']","item/TicketStatus/Value":"Rejected","item/AssignedTo":[],"item/CurrentApprovalStartDateandTime":"@null","item/ApprovalComments":"@trim(body('Join_approval_comments'))","item/TicketPriority/Value":"@triggerOutputs()?['body/TicketPriority/Value']"},"authentication":"@parameters('$authentication')"}}}},"expression":{"not":{"contains":["@outputs('Wait_for_an_approval')?['body/outcome']","Reject"]}},"type":"If"},"Apply_to_each":{"foreach":"@outputs('Get_Departments')?['body/value']","actions":{"Join":{"runAfter":{"Apply_to_each_approver":["Succeeded"]},"type":"Join","inputs":{"from":"@variables('varApproversArray')","joinWith":";"}},"Apply_to_each_approver":{"foreach":"@items('Apply_to_each')?['Approvers']","actions":{"Append_to_array_variable":{"runAfter":{},"type":"AppendToArrayVariable","inputs":{"name":"varApproversArray","value":"@items('Apply_to_each_approver')?['Email']"}},"Append_to_array_variable_person_column":{"runAfter":{"Append_to_array_variable":["Succeeded"]},"type":"AppendToArrayVariable","inputs":{"name":"varApproversPerson","value":{"claims":"@{items('Apply_to_each_approver')?['Claims']}"}}}},"runAfter":{},"type":"Foreach"},"Set_variable":{"runAfter":{"Join":["Succeeded"]},"type":"SetVariable","inputs":{"name":"varApprovers","value":"@body('Join')"}}},"runAfter":{"Get_Departments":["Succeeded"]},"type":"Foreach"},"Get_Departments":{"runAfter":{"Approval_Comments":["Succeeded"]},"type":"OpenApiConnection","inputs":{"host":{"apiId":"/providers/Microsoft.PowerApps/apis/shared_sharepointonline","connectionName":"shared_sharepointonline","operationId":"GetItems"},"parameters":{"dataset":"https://thepoweraddicts.sharepoint.com/sites/HelpCenter","table":"c6feeff7-eb7e-4b3d-a0af-07528992432f","$filter":"Title eq '@{triggerOutputs()?['body/Category/Value']}'"},"authentication":"@parameters('$authentication')"}},"Update_item":{"runAfter":{"Apply_to_each":["Succeeded"]},"type":"OpenApiConnection","inputs":{"host":{"apiId":"/providers/Microsoft.PowerApps/apis/shared_sharepointonline","connectionName":"shared_sharepointonline","operationId":"PatchItem"},"parameters":{"dataset":"https://thepoweraddicts.sharepoint.com/sites/HelpCenter","table":"7d8018f4-5f5b-457d-92b3-b9e0c7ec910d","id":"@triggerOutputs()?['body/ID']","item/Title":"@triggerOutputs()?['body/Title']","item/DueDate1":"@triggerOutputs()?['body/DueDate1']","item/TicketDescription":"@triggerOutputs()?['body/TicketDescription']","item/TicketStatus/Value":"Pending","item/AssignedTo":"@variables('varApproversPerson')","item/CurrentApprovalStartDateandTime":"@utcNow()","item/ApprovalComments":"🚀 Approval Started By @{triggerOutputs()?['body/Author/DisplayName']} \n🕐 Started At: @{concat(convertFromUtc(triggerOutputs()?['body/Created'],'Pacific Standard Time','M/dd/yyyy h:mm tt'),' PST')}","item/TicketPriority/Value":"@triggerOutputs()?['body/TicketPriority/Value']"},"retryPolicy":{"type":"none"},"authentication":"@parameters('$authentication')"}},"Approvers_Array":{"runAfter":{"Approvers":["Succeeded"]},"type":"InitializeVariable","inputs":{"variables":[{"name":"varApproversArray","type":"array"}]}},"Approval_Comments":{"runAfter":{"Approvers_Person_Array":["Succeeded"]},"type":"InitializeVariable","inputs":{"variables":[{"name":"varApprovalComments","type":"array"}]}},"For_each_approval_response":{"foreach":"@outputs('Wait_for_an_approval')?['body/responses']","actions":{"Add_to_comments_array":{"runAfter":{},"type":"AppendToArrayVariable","inputs":{"name":"varApprovalComments","value":"Approval Decision: @{if(equals(item()?['approverResponse'],'Approve'),'🟢 Approved','🔴 Rejected')} \nApprover: @{items('For_each_approval_response')?['responder/displayName']}\n🕐 Responded At: @{concat(convertFromUtc(outputs('Wait_for_an_approval')?['body/completionDate'], 'Pacific Standard Time', 'M/dd/yyyy h:mm tt'),' PST')}\n⏱ Time Taken: @{ div(div(mul(sub(ticks(items('For_each_approval_response')?['responseDate']),\r\nticks(items('For_each_approval_response')?['requestDate'])),100),1000000000),60)} mins.\n📝 Comments (if any) : @{items('For_each_approval_response')?['comments']}"}}},"runAfter":{"Wait_for_an_approval":["Succeeded"]},"type":"Foreach"},"Join_approval_comments":{"runAfter":{"Add_original_comments_to_array_variable":["Succeeded"]},"type":"Join","inputs":{"from":"@variables('varApprovalComments')","joinWith":"\n-----------------------------------------------------\n"}},"Create_an_approval":{"runAfter":{"Update_item":["Succeeded"]},"type":"OpenApiConnection","inputs":{"host":{"apiId":"/providers/Microsoft.PowerApps/apis/shared_approvals","connectionName":"shared_approvals","operationId":"CreateAnApproval"},"parameters":{"approvalType":"BasicAwaitAll","ApprovalCreationInput/title":"New Request for @{triggerOutputs()?['body/Title']} by @{triggerOutputs()?['body/Author/DisplayName']}","ApprovalCreationInput/assignedTo":"@variables('varApprovers')","ApprovalCreationInput/details":"@{triggerOutputs()?['body/Title']}\n@{triggerOutputs()?['body/Category/Value']}\n@{triggerOutputs()?['body/TicketPriority/Value']}\n@{triggerOutputs()?['body/DueDate1']}","ApprovalCreationInput/itemLink":"@triggerOutputs()?['body/{Link}']","ApprovalCreationInput/itemLinkDescription":"@triggerOutputs()?['body/Title']","ApprovalCreationInput/requestor":"@triggerOutputs()?['body/Author/Email']","ApprovalCreationInput/enableNotifications":true,"ApprovalCreationInput/enableReassignment":true},"authentication":"@parameters('$authentication')"}},"Wait_for_an_approval":{"runAfter":{"Apply_to_each_2":["Succeeded"]},"type":"OpenApiConnectionWebhook","inputs":{"host":{"apiId":"/providers/Microsoft.PowerApps/apis/shared_approvals","connectionName":"shared_approvals","operationId":"WaitForAnApproval"},"parameters":{"approvalName":"@outputs('Create_an_approval')?['body/name']"},"authentication":"@parameters('$authentication')"}},"Apply_to_each_2":{"foreach":"@variables('varApproversArray')","actions":{"Post_your_own_adaptive_card_as_the_Flow_bot_to_a_user":{"runAfter":{},"type":"OpenApiConnection","inputs":{"host":{"apiId":"/providers/Microsoft.PowerApps/apis/shared_teams","connectionName":"shared_teams","operationId":"PostUserAdaptiveCard"},"parameters":{"PostAdaptiveCardRequest/recipient/to":"@{item()};","PostAdaptiveCardRequest/messageBody":"@outputs('Create_an_approval')?['body/adaptiveCard']","PostAdaptiveCardRequest/recipient/summary":"New Request for @{triggerOutputs()?['body/Title']} by @{triggerOutputs()?['body/Author/DisplayName']}","PostAdaptiveCardRequest/recipient/isAlert":true},"authentication":"@parameters('$authentication')"}}},"runAfter":{"Create_an_approval":["Succeeded"]},"type":"Foreach"},"Add_original_comments_to_array_variable":{"runAfter":{"For_each_approval_response":["Succeeded"]},"type":"AppendToArrayVariable","inputs":{"name":"varApprovalComments","value":"@outputs('Update_item')?['body/ApprovalComments']"}},"Approvers_Person_Array":{"runAfter":{"Approvers_Array":["Succeeded"]},"type":"InitializeVariable","inputs":{"variables":[{"name":"varApproversPerson","type":"array"}]}}}},"connectionReferences":{"shared_sharepointonline":{"connectionName":"a0ed098f502a4ca4bb59859b743dc374","source":"Embedded","id":"/providers/Microsoft.PowerApps/apis/shared_sharepointonline","tier":"NotSpecified"},"shared_approvals":{"connectionName":"shared-approvals-54268f99-4a7f-4baa-aebd-c53ce07066de","source":"Embedded","id":"/providers/Microsoft.PowerApps/apis/shared_approvals","tier":"NotSpecified"},"shared_teams":{"connectionName":"shared-teams-fc54da04-0972-48bd-93a1-93fa4753eeca","source":"Embedded","id":"/providers/Microsoft.PowerApps/apis/shared_teams","tier":"NotSpecified"}},"flowFailureAlertSubscribed":false}}