{"name":"570a8722-822a-44fb-a011-26e0dcc58f35","id":"/providers/Microsoft.Flow/flows/570a8722-822a-44fb-a011-26e0dcc58f35","type":"Microsoft.Flow/flows","properties":{"apiId":"/providers/Microsoft.PowerApps/apis/shared_logicflows","displayName":"💲 Expense Report Approval Workflow","definition":{"metadata":{"workflowEntityId":null,"processAdvisorMetadata":null,"flowclientsuspensionreason":"None","flowclientsuspensiontime":null,"creator":{"id":"ddc02d42-c492-454d-94ce-778a07b5b8c6","type":"User","tenantId":"07446956-493d-42c8-ad05-e939cb52153f"},"provisioningMethod":"FromDefinition","failureAlertSubscription":true,"clientLastModifiedTime":"2021-08-29T05:28:46.8166887Z"},"$schema":"https://schema.management.azure.com/providers/Microsoft.Logic/schemas/2016-06-01/workflowdefinition.json#","contentVersion":"1.0.0.0","parameters":{"$connections":{"defaultValue":{},"type":"Object"},"$authentication":{"defaultValue":{},"type":"SecureObject"}},"triggers":{"When_an_item_is_created":{"recurrence":{"frequency":"Minute","interval":1},"splitOn":"@triggerOutputs()?['body/value']","type":"OpenApiConnection","inputs":{"host":{"apiId":"/providers/Microsoft.PowerApps/apis/shared_sharepointonline","connectionName":"shared_sharepointonline","operationId":"GetOnNewItems"},"parameters":{"dataset":"https://thepoweraddicts.sharepoint.com/sites/RDTech","table":"dd67b602-37ab-43b2-a47f-a87411335b7f"},"authentication":"@parameters('$authentication')"},"conditions":[]}},"actions":{"Status":{"runAfter":{},"type":"InitializeVariable","inputs":{"variables":[{"name":"varStatus","type":"string","value":"Pending"}]}},"Approval_History":{"runAfter":{"Status":["Succeeded"]},"type":"InitializeVariable","inputs":{"variables":[{"name":"varApprovalHistory","type":"array"}]}},"Update_Status":{"runAfter":{"Select":["Succeeded"]},"type":"OpenApiConnection","inputs":{"host":{"apiId":"/providers/Microsoft.PowerApps/apis/shared_sharepointonline","connectionName":"shared_sharepointonline","operationId":"PatchItem"},"parameters":{"dataset":"https://thepoweraddicts.sharepoint.com/sites/RDTech","table":"dd67b602-37ab-43b2-a47f-a87411335b7f","id":"@triggerOutputs()?['body/ID']","item/Title":"@triggerOutputs()?['body/Title']","item/StartDate":"@triggerOutputs()?['body/StartDate']","item/EndDate":"@triggerOutputs()?['body/EndDate']","item/Amount":"@triggerOutputs()?['body/Amount']","item/Description":"@triggerOutputs()?['body/Description']","item/ApprovalStatus/Value":"Pending","item/ApprovalHistory":"🚀 Expense Approval Started By @{triggerOutputs()?['body/Author/DisplayName']} \n🕐 Started At: @{concat(convertFromUtc(triggerOutputs()?['body/Created'], 'Pacific Standard Time', 'M/dd/yyyy h:mm tt'), ' PST')}","item/Approvers":"@body('Select')","item/ApproverIndex":1},"retryPolicy":{"type":"none"},"authentication":"@parameters('$authentication')"}},"Apply_to_each_approver":{"foreach":"@variables('varArrApprovers')","actions":{"Increment_variable":{"runAfter":{},"type":"IncrementVariable","inputs":{"name":"varCounter","value":1}},"Check_if_previous_approver_did_not_Reject":{"actions":{"Condition":{"actions":{"Update_Approval_History":{"runAfter":{"Set_status_as_Approved":["Succeeded"]},"type":"SetVariable","inputs":{"name":"varApprovalHistory","value":"@outputs('Approved_Update_Item')?['body/ApprovalHistory']"}},"Approved_Update_Item":{"runAfter":{},"type":"OpenApiConnection","inputs":{"host":{"apiId":"/providers/Microsoft.PowerApps/apis/shared_sharepointonline","connectionName":"shared_sharepointonline","operationId":"PatchItem"},"parameters":{"dataset":"https://thepoweraddicts.sharepoint.com/sites/RDTech","table":"dd67b602-37ab-43b2-a47f-a87411335b7f","id":"@triggerOutputs()?['body/ID']","item/Title":"@triggerOutputs()?['body/Title']","item/StartDate":"@triggerOutputs()?['body/StartDate']","item/EndDate":"@triggerOutputs()?['body/EndDate']","item/Amount":"@triggerOutputs()?['body/Amount']","item/Description":"@triggerOutputs()?['body/Description']","item/ApprovalStatus/Value":"@if(equals(length(variables('varArrApprovers')),variables('varCounter')),'Approved','Pending')","item/ApprovalHistory":"@body('Join_approval_history')","item/ApproverIndex":"@if(equals(length(variables('varArrApprovers')),variables('varCounter')),variables('varCounter'),add(variables('varCounter'),1))"},"retryPolicy":{"type":"none"},"authentication":"@parameters('$authentication')"}},"Set_status_as_Approved":{"runAfter":{"Approved_Update_Item":["Succeeded"]},"type":"SetVariable","inputs":{"name":"varStatus","value":"Approved"}}},"runAfter":{"Join_approval_history":["Succeeded"]},"else":{"actions":{"Set_Expense_Status_as_Rejected":{"runAfter":{},"type":"OpenApiConnection","inputs":{"host":{"apiId":"/providers/Microsoft.PowerApps/apis/shared_sharepointonline","connectionName":"shared_sharepointonline","operationId":"PatchItem"},"parameters":{"dataset":"https://thepoweraddicts.sharepoint.com/sites/RDTech","table":"dd67b602-37ab-43b2-a47f-a87411335b7f","id":"@triggerOutputs()?['body/ID']","item/Title":"@triggerOutputs()?['body/Title']","item/StartDate":"@triggerOutputs()?['body/StartDate']","item/EndDate":"@triggerOutputs()?['body/EndDate']","item/Amount":"@triggerOutputs()?['body/Amount']","item/Description":"@triggerOutputs()?['body/Description']","item/ApprovalStatus/Value":"Rejected","item/ApprovalHistory":"@body('Join_approval_history')"},"retryPolicy":{"type":"none"},"authentication":"@parameters('$authentication')"}},"Set_status_as_Rejected":{"runAfter":{"Set_Expense_Status_as_Rejected":["Succeeded"]},"type":"SetVariable","inputs":{"name":"varStatus","value":"Rejected"}}}},"expression":{"equals":["@outputs('Start_and_wait_for_an_approval')?['body/outcome']","Approve"]},"type":"If"},"For_each_approval_response":{"foreach":"@outputs('Start_and_wait_for_an_approval')?['body/responses']","actions":{"Add_to_comments_array":{"runAfter":{},"type":"AppendToArrayVariable","inputs":{"name":"varApprovalHistory","value":"Approval Decision: @{if(equals(item()?['approverResponse'], 'Approve'), '🟢 Approved', '🔴 Rejected')} \nApprover: @{items('For_each_approval_response')?['responder/displayName']}\n🕐 Responded At: @{concat(convertFromUtc(outputs('Start_and_wait_for_an_approval')?['body/completionDate'], 'Pacific Standard Time', 'M/dd/yyyy h:mm tt'), ' PST')}\n⏱ Time Taken: @{div(div(mul(sub(ticks(items('For_each_approval_response')?['responseDate']), ticks(items('For_each_approval_response')?['requestDate'])), 100), 1000000000), 60)} mins.\n📝 Comments (if any) : @{items('For_each_approval_response')?['comments']}"}}},"runAfter":{"Start_and_wait_for_an_approval":["Succeeded"]},"type":"Foreach"},"Join_approval_history":{"runAfter":{"For_each_approval_response":["Succeeded"]},"type":"Join","inputs":{"from":"@variables('varApprovalHistory')","joinWith":"\n-----------------------------------------------------\n"}},"Start_and_wait_for_an_approval":{"runAfter":{},"type":"OpenApiConnectionWebhook","inputs":{"host":{"apiId":"/providers/Microsoft.PowerApps/apis/shared_approvals","connectionName":"shared_approvals","operationId":"StartAndWaitForAnApproval"},"parameters":{"approvalType":"Basic","WebhookApprovalCreationInput/title":"Expense Approval Request for @{triggerOutputs()?['body/Title']} by @{triggerOutputs()?['body/Author/DisplayName']}","WebhookApprovalCreationInput/assignedTo":"@{items('Apply_to_each_approver')?['Email']};;","WebhookApprovalCreationInput/details":"@{triggerOutputs()?['body/Title']}\n@{outputs('Update_Status')?['body/Expense_x0020_Type/Value']}\n@{outputs('Update_Status')?['body/Amount']}\n@{outputs('Update_Status')?['body/Description']}","WebhookApprovalCreationInput/itemLink":"@triggerOutputs()?['body/{Link}']","WebhookApprovalCreationInput/itemLinkDescription":"@triggerOutputs()?['body/Title']","WebhookApprovalCreationInput/requestor":"@{triggerOutputs()?['body/Author/Email']};","WebhookApprovalCreationInput/enableNotifications":true,"WebhookApprovalCreationInput/enableReassignment":true},"authentication":"@parameters('$authentication')"}}},"runAfter":{"Increment_variable":["Succeeded"]},"expression":{"not":{"equals":["@variables('varStatus')","Rejected"]}},"type":"If"}},"runAfter":{"Loop_Counter":["Succeeded"]},"type":"Foreach"},"Add_original_comments_to_array_variable":{"runAfter":{"Update_Status":["Succeeded"]},"type":"AppendToArrayVariable","inputs":{"name":"varApprovalHistory","value":"@outputs('Update_Status')?['body/ApprovalHistory']"}},"Loop_Counter":{"runAfter":{"Add_original_comments_to_array_variable":["Succeeded"]},"type":"InitializeVariable","inputs":{"variables":[{"name":"varCounter","type":"integer","value":0}]}},"Get_Approvers":{"runAfter":{"Approval_History":["Succeeded"]},"type":"OpenApiConnection","inputs":{"host":{"apiId":"/providers/Microsoft.PowerApps/apis/shared_sharepointonline","connectionName":"shared_sharepointonline","operationId":"GetItems"},"parameters":{"dataset":"https://thepoweraddicts.sharepoint.com/sites/RDTech","table":"b00baad1-dddb-4332-8431-83fc610ca970","$filter":"Title eq '@{triggerOutputs()?['body/Expense_x0020_Type/Value']}'"},"authentication":"@parameters('$authentication')"}},"Approvers":{"runAfter":{"Get_Approvers":["Succeeded"]},"type":"InitializeVariable","inputs":{"variables":[{"name":"varArrApprovers","type":"array","value":"@outputs('Get_Approvers')?['body/value']?[0]?['Approvers']"}]}},"Select":{"runAfter":{"Approvers":["Succeeded"]},"type":"Select","inputs":{"from":"@variables('varArrApprovers')","select":{"Claims":"@item()?['Claims']"}}}}},"connectionReferences":{"shared_sharepointonline":{"connectionName":"a0ed098f502a4ca4bb59859b743dc374","source":"Embedded","id":"/providers/Microsoft.PowerApps/apis/shared_sharepointonline","tier":"NotSpecified"},"shared_approvals":{"connectionName":"shared-approvals-54268f99-4a7f-4baa-aebd-c53ce07066de","source":"Embedded","id":"/providers/Microsoft.PowerApps/apis/shared_approvals","tier":"NotSpecified"}},"flowFailureAlertSubscribed":false}}